sid,subreddit,n,n_aspects,n_mixed,rho_aspe_full,p_aspe,rho_conc_full,p_conc,rho_aspe_prescreen,aspe_first,aspe_last,cut_index,verdict
bgknkt,bayarea,253,11,52,-0.4157,0.004515102243378872,0.3699,0.012396245430197756,-0.82,3.687,3.841,128,NARROWS
bfvqy1,unpopularopinion,217,11,47,-0.4072,0.011179845599656119,0.0617,0.7127301985830453,-0.62,3.678,3.17,42,weak
bbf7wd,newzealand,173,10,46,-0.6688,7.305364962530917e-05,0.7501,2.7979409968116435e-06,-0.52,4.226,3.518,100,NARROWS
bct7zc,teslamotors,177,10,54,0.3195,0.08523958070728774,-0.481,0.0071253973295188865,-0.55,4.144,4.339,100,broadens
bip3hg,vegetarian,159,9,47,-0.3491,0.08050193059176404,0.4473,0.021943532959043735,-0.39,3.787,3.323,40,weak
bgv8rd,Vechain,159,10,59,0.3258,0.10431396878069853,-0.1248,0.5436012542661114,-0.43,4.069,4.464,95,broadens
bix6la,PurplePillDebate,183,9,61,-0.6476,8.215796023550509e-05,0.5344,0.0019567826850720514,-0.46,3.85,3.85,84,NARROWS
