dataset,strategy,strategy_budget,mean,std,count
0,No,0,2.2637298214285715,0.4115712385909247,10
0,add,3,2.6167288095238095,0.46075286116225933,10
0,add,11,2.7687167857142856,0.5549739121824463,10
0,hybrid,3,2.6545298214285715,0.32310224613308225,10
0,hybrid,11,3.16827375,0.30410529800031577,10
0,random_add,3,2.6585344642857143,0.39015549327707255,10
0,random_add,11,2.650081607142857,0.47293012710402177,10
0,random_update,3,2.3622332142857143,0.2632231462686668,10
0,random_update,11,2.770284642857143,0.4616609045971676,10
0,remove,3,2.638219464285714,0.45004775678218045,10
0,remove,11,2.880094107142857,0.37572386946295966,10
0,summarize,3,2.31056375,0.4709714535205022,10
0,summarize,11,2.399475,0.4255182436123826,10
0,update,3,2.8116189285714284,0.43941478612180496,10
0,update,11,3.396698273809524,0.3568626424665201,10
1,No,0,2.3993960000000003,0.4899463868560859,10
1,add,3,2.486949,0.4708567796097285,10
1,add,11,2.7812045000000003,0.3885898387292327,10
1,hybrid,3,2.5931005,0.2984827881735115,10
1,hybrid,11,2.9896425,0.43928089252176944,10
1,random_add,3,2.760561,0.3745475690290294,10
1,random_add,11,2.404178,0.7994711344910737,10
1,random_update,3,2.6828865,0.5515368070625226,10
1,random_update,11,3.0346135,0.4847032157072454,10
1,remove,3,2.5593015,0.5886770926646081,10
1,remove,11,2.9863039999999996,0.33823268469928924,10
1,summarize,3,2.338629,0.34812960361847345,10
1,summarize,11,2.5838925,0.7128625334961152,10
1,update,3,2.583672,0.43775302676915384,10
1,update,11,3.4115899999999995,0.24423342053362715,10
2,No,0,2.1623566666666667,0.36342533859636433,10
2,add,3,2.029581699346405,0.31247740303413374,10
2,add,11,2.349423529411765,0.46296494027654134,10
2,hybrid,3,2.5618616666666667,0.327113769210655,10
2,hybrid,11,3.1224494444444444,0.4924191950203462,10
2,random_add,3,2.2296317647058825,0.413022349930846,10
2,random_add,11,2.323621666666667,0.46389205058765814,10
2,random_update,3,1.9606544444444445,0.3960113828261079,10
2,random_update,11,2.738157222222222,0.30143146595827236,10
2,remove,3,2.288508431372549,0.2841130279233203,10
2,remove,11,2.722182222222222,0.31065625859920915,10
2,summarize,3,2.304623888888889,0.32550896511783667,10
2,summarize,11,2.6328370588235295,0.31227160104714724,10
2,update,3,2.485823954248366,0.3268063727762801,10
2,update,11,3.719717222222222,0.3251965897081624,10
