dataset,strategy,budget,mean_diff,p
0,add,3,0.3529989880952381,0.0419921875
0,add,11,0.5049869642857143,0.0322265625
0,hybrid,3,0.3908,0.0419921875
0,hybrid,11,0.9045439285714286,0.0009765625
0,random_add,3,0.3948046428571429,0.0068359375
0,random_add,11,0.3863517857142857,0.0322265625
0,random_update,3,0.09850339285714296,0.2158203125
0,random_update,11,0.5065548214285716,0.0322265625
0,remove,3,0.3744896428571428,0.052734375
0,remove,11,0.6163642857142859,0.009765625
0,summarize,3,0.04683392857142863,0.5771484375
0,summarize,11,0.13574517857142868,0.3125
0,update,3,0.5478891071428571,0.009765625
0,update,11,1.1329684523809527,0.0009765625
1,add,3,0.08755299999999995,0.24609375
1,add,11,0.38180850000000005,0.0966796875
1,hybrid,3,0.19370449999999995,0.1875
1,hybrid,11,0.5902464999999999,0.001953125
1,random_add,3,0.3611649999999999,0.0322265625
1,random_add,11,0.004781999999999953,0.4609375
1,random_update,3,0.28349049999999987,0.1611328125
1,random_update,11,0.6352174999999999,0.0029296875
1,remove,3,0.15990549999999995,0.24609375
1,remove,11,0.5869079999999999,0.013671875
1,summarize,3,-0.06076700000000015,0.75390625
1,summarize,11,0.18449649999999992,0.2783203125
1,update,3,0.18427599999999994,0.1376953125
1,update,11,1.0121939999999996,0.0009765625
2,add,3,-0.13277496732026148,0.65234375
2,add,11,0.18706686274509804,0.24609375
2,hybrid,3,0.39950499999999994,0.009765625
2,hybrid,11,0.9600927777777779,0.0048828125
2,random_add,3,0.06727509803921568,0.2158203125
2,random_add,11,0.16126499999999994,0.1875
2,random_update,3,-0.20170222222222217,0.947265625
2,random_update,11,0.5758005555555556,0.0048828125
2,remove,3,0.1261517647058823,0.2783203125
2,remove,11,0.5598255555555556,0.0029296875
2,summarize,3,0.1422672222222223,0.2783203125
2,summarize,11,0.47048039215686277,0.0185546875
2,update,3,0.3234672875816993,0.0419921875
2,update,11,1.5573605555555559,0.0009765625
