dataset,aspect_no,final_mean,final_std
0,1,1.9956899999999997,0.4178329077248198
0,2,2.82308,0.2575018696803752
0,3,3.3416700000000006,0.17893688552112444
1,1,2.1477600000000003,0.5446919500455688
1,2,2.76926,0.3414080328417727
1,3,3.4177699999999995,0.14488740494298008
2,1,1.67862,0.36915496836243
2,2,2.6153799999999996,0.2672353053854308
2,3,3.0118,0.19274884060755215
