dataset,arm,mean,std,n
0,No,1.9956899999999997,0.4178329077248198,10
0,early_b11,3.18427,0.4859452485162866,10
0,late_b11,2.3877900000000003,0.40198074428730757,10
0,late_b3,2.1061299999999994,0.4128511974334363,10
1,No,2.1477600000000003,0.5446919500455688,10
1,early_b11,3.27731,0.3409834158560925,10
1,late_b11,2.5204600000000004,0.6547431391180989,10
1,late_b3,2.0596799999999997,0.5015118627155737,10
2,No,1.67862,0.36915496836243,10
2,early_b11,3.46252,0.533891486685783,10
2,late_b11,1.78044,0.4789681924025158,10
2,late_b3,1.7064700000000002,0.33230095479182054,10
